{
    "ego_spawn": {
        "x": -76.66610717773438,
        "y": 24.471010208129883,
        "z": 0.5999999642372131
    },
    "ego_dest": {
        "x": -52.186729431152344,
        "y": 42.565128326416016,
        "z": 0.0
    },
    "npc_spawn": {
        "x": -17.10540199279785,
        "y": 13.25745677947998,
        "z": -0.006963119376450777
    },
    "npc_dest": {
        "x": -66.79419708251953,
        "y": 12.998390197753906,
        "z": 0.0
    },
    "ego_agent": "aggressive",
    "traffic_agent": "normal"
}