{
	"class_name" : "PinholeCameraParameters",
	"extrinsic" : 
	[
		0.20525724297801429,
		-0.036233762399948868,
		-0.97803710495431029,
		0.0,
		0.92947105224587134,
		0.32018795875338218,
		0.18320271315211223,
		0.0,
		0.30651758064100837,
		-0.94666086088508306,
		0.099399130913184738,
		0.0,
		-1.6854509869222265,
		10.950033409607897,
		25.811491701118275,
		1.0
	],
	"intrinsic" : 
	{
		"height" : 540,
		"intrinsic_matrix" : 
		[
			467.65371804359688,
			0.0,
			0.0,
			0.0,
			467.65371804359688,
			0.0,
			479.5,
			269.5,
			1.0
		],
		"width" : 960
	},
	"version_major" : 1,
	"version_minor" : 0
}